step,epoch,epoch_step,loss,learn_rate
1,1,1,0.0014464,5e-06
501,1,501,0.1024471,5e-06
1001,1,1001,0.0605954,5e-06
